If you watched,Recommendation 1,Recommendation 2,Recommendation 3,Recommendation 4,Recommendation 5
7259,7017,5240,2795,234,1586
5883,4909,3256,1004,1659,4
2255,2038,2175,1493,473,5
7419,6604,3749,1707,3474,1517
6150,5955,5619,1950,2355,11
1697,12,2125,1083,5438,1463
8210,4552,8023,2433,2358,1642
1488,2323,2450,166,20,779
7350,6975,3688,3021,3588,2213
4766,3423,2811,1811,2372,1377
8487,4377,7719,2055,1948,1448
6420,4691,4072,3487,2879,1567
7700,4225,4032,1109,2320,1081
5529,4551,4561,2546,4071,619
8653,8521,8180,4312,1842,1859
2704,3002,3460,37,8712,632
8340,6901,5981,4161,3367,3110
8551,8265,7246,4594,4386,4138
8653,8521,8180,4312,1842,1859
8658,6607,7713,6128,5267,1040
8595,8238,8467,6465,4140,7072
7417,7143,6851,5750,2924,1571
64,6788,6996,6592,4209,679
8595,8467,8238,6465,7072,4536
5293,4490,3980,3020,235,937
64,6788,6996,6592,4209,679
6319,4145,3421,2671,2923,443
8380,5604,5581,5440,3522,3077
6016,5070,3807,2604,566,190
7600,7311,7182,5935,6608,4938
7985,2995,3937,3041,1430,249
7555,7511,5639,4412,4237,4125
6564,5845,4437,3904,3364,2533
7966,4072,6420,2879,1567,3487
7153,5540,3154,2412,1810,1826
6033,5181,4330,3338,4047,124
6564,5845,4437,3904,3364,2533
7466,6445,5881,2695,1808,1630
7148,4905,4361,977,146,388
43,8521,8653,8385,8222,8180
5783,5497,5451,4986,3892,2391
1488,2323,2450,166,20,779
7954,3847,6112,2363,1063,5100
8362,7935,6306,3395,4290,3162
6843,4644,6245,2448,1627,175
4882,4727,4471,2841,1675,559
7752,7554,7342,4960,3075,2129
4882,4727,4471,2841,1675,559
8132,7866,7054,6950,6290,4730
5384,4493,5699,4504,4428,3145
7176,2171,2918,187,1717,7857
7355,3756,6324,244,1540,3295
6016,5070,3807,2604,566,190
6111,5744,4625,2646,1087,1018
4321,884,1102,206,5245,333
4907,4638,4553,4531,2685,214
8129,7750,5237,3707,2775,220
5883,4909,3256,1004,1659,4
4605,4377,2525,2055,225,401
6502,1906,6088,953,758,229
7259,7017,5240,2795,234,1586
5293,4490,3980,3020,235,937
1068,3121,359,237,5678,7726
6733,4411,4663,4351,3329,241
7739,7361,3466,2917,3181,2361
8624,6199,7176,2918,2171,3525
6324,3295,3756,1540,449,251
8477,4907,7548,4085,4531,4553
7985,2995,3937,3041,1430,249
6324,3295,3756,1540,449,251
8404,5955,5619,2355,11,1950
4015,3723,3824,3450,1757,264
3879,2992,1731,1096,1449,267
8347,8402,8437,7331,6474,7534
7350,6975,3688,3021,3588,2213
6933,5597,2062,1073,280,2008
4273,2827,4045,288,1085,3120
674,4979,707,289,670,5279
7739,7361,3466,2917,3181,2361
7382,6744,5246,3966,297,2942
4914,4781,3590,1669,2145,301
4952,4846,4566,1930,1851,315
7929,4273,4045,288,1085,2827
3879,2992,1731,1096,1449,267
7783,6405,4364,1402,325,8796
8467,8105,8595,7072,6465,6521
8669,1102,4321,206,884,5245
1068,3121,359,237,5678,7726
4184,1468,2575,544,364,568
7128,6648,6352,4489,4259,2480
4679,4266,3675,2798,539,369
6081,3790,3838,3443,2552,1373
7447,6940,5601,5206,4425,2613
6557,6587,4768,1174,1526,376
7148,4905,4361,977,146,388
6345,5946,5511,5015,4834,4811
8083,7291,2394,1256,1191,811
5995,3931,4192,397,1844,2909
6409,3884,4711,2952,3462,4484
5916,5843,5327,2958,400,2368
7719,4377,4605,2525,2055,225
5808,3248,2441,1300,2143,422
4738,4686,487,426,7497,5678
7153,5540,3154,2412,1810,1826
7026,3525,3957,8805,442,243
6319,4145,3421,2671,2923,443
7626,7224,6450,5219,4948,4316
6324,3295,3756,1540,449,251
6958,6386,4111,3814,2637,2285
8527,8207,6446,1374,4423,452
41,6901,8340,3367,3110,2381
4766,3423,2811,1811,2372,1377
3337,2855,3138,1852,591,460
1448,1948,466,3893,8701,26
2255,2038,2175,1493,473,5
6111,5744,4625,2646,1087,1018
6481,3561,3274,3033,2721,2269
4738,4686,487,426,7497,5678
6481,3561,3274,3033,2721,2269
7739,7361,3466,2917,3181,2361
5941,6167,6300,2464,494,4278
8203,8182,8093,4229,3581,925
5196,4028,3343,721,515,7439
5854,3359,3975,1801,524,561
4153,3418,2449,1939,2002,532
4257,3697,1793,533,2383,4672
4679,4266,3675,2798,539,369
5245,2471,4321,3604,2519,2922
5297,5256,3350,1187,962,542
4184,1468,2575,544,364,568
5012,4493,4428,3145,2115,2116
6564,5845,4437,3904,3364,2533
5732,2762,5170,1783,1555,554
4184,1468,2575,544,364,568
4882,4727,4471,2841,1675,559
5854,3359,3975,1801,524,561
7148,4905,4361,977,146,388
6077,5631,5430,3449,5059,2484
6016,5070,3807,2604,566,190
4184,1468,2575,544,364,568
7152,6354,4701,4296,4589,2247
3337,2855,3138,1852,591,460
7152,6354,4701,4296,4589,2247
7613,5942,3897,3908,3665,2706
3454,2058,3239,1465,598,8755
5529,4551,4561,2546,4071,619
8605,4606,2142,966,628,777
6952,2704,3460,37,3002,8712
5967,3974,3823,3111,3458,2333
6944,6195,5037,4346,3495,2516
5954,6711,5389,4390,844,5232
7797,6251,5129,3193,3801,643
8135,8125,8014,7403,7431,6388
8514,6564,7177,4437,4069,3904
6424,3294,5685,660,693,3850
7871,1994,5192,662,1409,7843
6543,5036,4953,2622,3025,666
8685,5436,5355,4117,2181,4837
5445,2246,4958,669,2784,2294
4164,674,4979,289,707,5279
7526,6221,6079,2564,2928,671
674,4979,707,289,670,5279
64,6788,6996,6592,4209,679
5448,2916,4447,687,3149,4825
6424,3294,5685,660,693,3850
6111,5744,4625,2646,1087,1018
6506,2509,4983,698,2314,3264
6557,6587,4768,1174,1526,376
7269,1484,7484,1269,3131,5005
674,4979,707,289,670,5279
4069,3740,2853,2135,1926,1325
5196,4028,3343,721,515,7439
7600,7311,7182,5935,6608,4938
3654,4401,4704,745,7572,7541
7082,2992,3879,1096,1731,324
6502,1906,6088,953,758,229
4069,3740,2853,2135,1926,1325
8329,5335,8228,1457,5948,8782
8203,8182,8093,4229,3581,925
7210,4724,4969,4310,3504,772
8582,6284,8438,3267,1700,4141
8605,4606,2142,966,628,777
1488,2323,2450,166,20,779
5854,3359,3975,1801,524,561
7466,6445,5881,2695,1808,1630
8186,4922,3880,1336,1221,799
6375,3604,1879,2519,2922,1438
1378,3250,3881,806,4816,849
8083,7291,2394,1256,1191,811
7752,7554,7342,4960,3075,2129
3764,3888,5471,3582,821,1060
5136,5013,3995,2731,3914,1692
7595,7081,6835,5046,4920,4203
7626,7224,6450,5219,4948,4316
98,8022,7985,5104,5275,4819
6861,6777,6219,4771,2149,1841
6858,3641,3673,2453,2259,2307
6313,5691,6158,2888,881,835
7029,5410,4265,3737,3362,3130
6543,5036,4953,2622,3025,666
6711,5954,5389,4390,5232,844
5402,5078,4440,3352,848,1553
8190,3250,3881,1378,806,4816
7626,7224,6450,5219,4948,4316
8527,8207,6446,1374,4423,452
8310,8221,8218,4727,4648,4937
8299,7731,3866,872,1226,4482
8577,7153,7244,5181,5540,4330
3726,3066,3425,1584,880,3852
6313,5691,6158,2888,881,835
5116,5134,2186,3910,883,1006
4321,884,1102,206,5245,333
8187,5946,6345,4834,5015,4811
6399,5096,3689,3213,2737,898
8605,4606,2142,966,628,777
7845,7204,4410,3668,1257,909
7466,6445,5881,2695,1808,1630
8514,1926,2853,2135,4069,3740
7613,5942,3897,3908,3665,2706
6764,4611,4253,3638,2500,2248
8203,8182,8093,4229,3581,925
7762,7690,4910,4208,4708,1303
7307,5484,5160,2020,1146,934
7544,1602,4137,1581,936,8732
5293,4490,3980,3020,235,937
6502,1906,6088,953,758,229
5297,5256,3350,1187,962,542
8605,4606,2142,966,628,777
5769,4297,4675,968,1635,5100
5489,5396,4985,3929,4167,973
7148,4905,4361,977,146,388
6847,6676,6301,6218,5014,4599
5777,5125,3993,1966,1530,988
5777,5125,3993,1966,1530,988
3011,994,2191,3247,5290,2526
5883,4909,3256,1004,1659,4
7434,6839,5992,5592,1005,3570
5116,5134,2186,3910,883,1006
7165,6092,5779,5341,5858,5108
6111,5744,4625,2646,1087,1018
8385,8222,6947,6209,2176,1776
8218,7599,8221,5783,5497,5451
8658,6607,7713,6128,5267,1040
8155,7418,7719,6110,4377,4419
8084,3764,5471,3582,3888,821
6116,2003,2515,1921,1147,1061
6112,2363,3847,1063,167,5100
1068,3121,359,237,5678,7726
6933,5597,2062,1073,280,2008
7418,6819,6110,4016,4419,2005
8362,7935,6306,3395,4290,3162
8195,7307,8022,5275,5484,5160
7700,4225,4032,1109,2320,1081
7522,12,1697,2125,4868,4950
4273,2827,4045,288,1085,3120
6111,5744,4625,2646,1087,1018
3879,2992,1731,1096,1449,267
4321,884,1102,206,5245,333
7700,4225,4032,1109,2320,1081
4853,4692,1840,1114,4272,4525
6958,6386,4111,3814,2637,2285
5303,4192,5995,397,3931,1844
8627,8139,8568,5137,5383,5216
8083,7291,2394,1256,1191,811
7105,6026,5081,3760,4323,3781
7711,7436,3243,1144,2569,5763
7307,5484,5160,2020,1146,934
6116,2003,2515,1921,1147,1061
7023,4860,4906,2594,2487,1148
6711,5954,5389,4390,5232,844
2850,3552,3600,1173,5035,3882
6557,6587,4768,1174,1526,376
5297,5256,3350,1187,962,542
8083,7291,2394,1256,1191,811
8329,5335,8228,1457,5948,8782
7954,4766,6449,3847,2363,3423
7623,5855,5549,2432,2376,1927
7267,6975,7350,3688,3021,2213
7876,6741,3134,2310,1985,1681
8186,4922,3880,1336,1221,799
8299,7731,3866,872,1226,4482
7299,6713,6373,5695,4806,4435
8083,7291,2394,1256,1191,811
7845,7204,4410,3668,1257,909
5012,4493,4428,3145,2115,2116
7269,3131,1484,1269,5005,1952
8228,5948,8329,1457,5335,8782
6764,4611,4253,3638,2500,2248
6077,5631,5430,3449,5059,2484
6847,6676,6301,6218,5014,4599
5808,3248,2441,1300,2143,422
7762,7690,4910,4208,4708,1303
7128,6648,6352,4489,4259,2480
7419,6604,3749,1707,3474,1517
8551,8265,7246,4594,4386,4138
4069,3740,2853,2135,1926,1325
5122,3609,4961,2863,2420,1333
8687,4606,8605,2142,966,777
8186,4922,3880,1336,1221,799
8023,4552,4090,2358,2433,1642
7419,6604,3749,1707,3474,1517
5808,3248,2441,1300,2143,422
4015,3723,3824,3450,1757,264
7858,7360,5821,5370,5481,4461
7148,4361,7353,977,4905,563
6081,3790,3838,3443,2552,1373
8527,8207,6446,1374,4423,452
4766,3423,2811,1811,2372,1377
1378,3250,3881,806,4816,849
7868,6101,1689,1384,2107,6452
7783,6405,4364,1402,325,8796
5098,3885,3486,1403,2658,7848
7871,1994,5192,662,1409,7843
1068,3121,359,237,5678,7726
7808,7828,6293,4798,5248,4567
7623,5855,5549,2432,2376,1927
7985,2995,3937,3041,1430,249
7903,5297,7289,2255,2175,3350
3604,2519,2922,1879,1438,801
1448,1948,466,3893,8701,26
3879,2992,1731,1096,1449,267
8438,7498,6284,4141,3267,1454
7039,6786,6573,6356,5288,2379
8228,5948,5335,1457,8782,764
8023,4552,4090,2358,2433,1642
6931,5413,6652,4742,6488,2796
3454,2058,3239,1465,598,8755
6652,5413,6931,2796,4742,6488
4184,1468,2575,544,364,568
5263,4981,4950,4868,3809,2960
3492,3183,1911,1479,6918,4712
7269,3131,1484,1269,5005,1952
1488,2323,2450,166,20,779
7743,5305,5331,4829,3895,1492
2255,2038,2175,1493,473,5
6971,8186,8141,3880,1221,1336
7419,6604,3749,1707,3474,1517
6481,3561,3274,3033,2721,2269
6557,6587,4768,1174,1526,376
5777,5125,3993,1966,1530,988
5967,3974,3823,3111,3458,2333
6672,1534,4085,1547,8756,6254
6324,3295,3756,1540,449,251
6672,1534,4085,1547,8756,6254
5402,5078,4440,3352,848,1553
5732,2762,5170,1783,1555,554
3941,3054,3613,1563,2007,4512
6420,4691,4072,3487,2879,1567
7417,7143,6851,5750,2924,1571
6674,4367,2972,1574,3048,3272
6425,3600,5754,3337,3138,3552
7544,1602,4137,1581,936,8732
3726,3066,3425,1584,880,3852
7259,7017,5240,2795,234,1586
5857,5275,5104,3302,4819,2523
7153,5540,3154,2412,1810,1826
7544,1602,4137,1581,936,8732
5529,4551,4561,2546,4071,619
6843,4644,6245,2448,1627,175
8644,5509,6105,1917,2570,3061
7466,6445,5881,2695,1808,1630
8412,4675,5769,968,4297,4981
7418,6819,6110,4016,4419,2005
8023,4552,4090,2358,2433,1642
4797,3674,4033,3615,3070,1644
5883,4909,3256,1004,1659,4
4914,4781,3590,1669,2145,301
7629,5351,4688,4636,4131,2894
6861,6777,6219,4771,2149,1841
4882,4727,4471,2841,1675,559
7876,6741,3134,2310,1985,1681
7868,6101,1689,1384,2107,6452
6764,4611,4253,3638,2500,2248
6105,5509,4097,2570,3061,1917
5136,5013,3995,2731,3914,1692
5967,3974,3823,3111,3458,2333
1697,12,2125,1083,5438,1463
7007,6964,6138,3424,3999,1699
8438,7498,6284,4141,3267,1454
5604,5440,5581,3522,1702,3077
7419,6604,3749,1707,3474,1517
8385,8222,6947,6209,2176,1776
7176,2171,2918,187,1717,7857
3879,2992,1731,1096,1449,267
4153,3418,2449,1939,2002,532
8152,6221,7526,2564,2928,6079
4015,3723,3824,3450,1757,264
8340,6901,5981,4161,3367,3110
8385,8222,6947,6209,2176,1776
5732,2762,5170,1783,1555,554
4257,3697,1793,533,2383,4672
8218,6635,8221,4648,3583,3955
5854,3359,3975,1801,524,561
7466,6445,5881,2695,1808,1630
7153,5540,3154,2412,1810,1826
4766,3423,2811,1811,2372,1377
6702,6881,6359,4847,4772,4704
8636,8347,8437,7534,7331,6474
7623,5855,5549,2432,2376,1927
7153,5540,3154,2412,1810,1826
6081,3790,3838,3443,2552,1373
4853,4692,1840,1114,4272,4525
6861,6777,6219,4771,2149,1841
8653,8521,8180,4312,1842,1859
5995,5303,3931,4192,397,1119
4952,4846,4566,1930,1851,315
3337,2855,3138,1852,591,460
7743,5305,5331,4829,3895,1492
6908,6521,6185,5411,5977,3954
8653,8521,8180,4312,1842,1859
7259,7017,5240,2795,234,1586
3604,2519,2922,1879,1438,801
8689,7871,8640,7828,5248,5192
6502,1906,6088,953,758,229
3492,3183,1911,1479,6918,4712
6105,5509,4097,2570,3061,1917
6116,2003,2515,1921,1147,1061
2,5240,7259,2795,1586,1874
4069,3740,2853,2135,1926,1325
7623,5855,5549,2432,2376,1927
8331,4137,7544,1581,1602,936
4952,4846,4566,1930,1851,315
6599,6157,5733,5640,1936,3278
4153,3418,2449,1939,2002,532
7447,6940,5601,5206,4425,2613
8466,7731,8299,6958,6386,4111
6476,5682,5456,5364,4564,4248
1448,1948,466,3893,8701,26
7105,6026,5081,3760,4323,3781
6150,5955,5619,1950,2355,11
4495,7484,7269,3131,1484,1269
5529,2546,6658,4561,4071,4551
5777,5125,3993,1966,1530,988
6343,6118,4619,3163,4485,2472
6844,4872,2203,1972,4277,2985
8060,6158,6313,835,881,2888
7817,6298,5964,5075,5492,4550
7629,5351,4688,4636,4131,2894
7651,5777,5701,4952,4846,4566
7876,6741,3134,2310,1985,1681
6319,4145,3421,2671,2923,443
8383,6786,7176,6573,6356,6199
7871,1994,5192,662,1409,7843
4153,3418,2449,1939,2002,532
6116,2003,2515,1921,1147,1061
7418,6819,6110,4016,4419,2005
3941,3054,3613,1563,2007,4512
6933,5597,2062,1073,280,2008
7307,5484,5160,2020,1146,934
2255,2038,2175,1493,473,5
64,6788,6996,6592,4209,679
5293,4490,3980,3020,235,937
4605,4377,2525,2055,225,401
3454,2058,3239,1465,598,8755
6933,5597,2062,1073,280,2008
8626,6178,8278,3936,2711,7416
7555,7511,5639,4412,4237,4125
5928,5211,4130,3158,2069,3368
8362,7935,6306,3395,4290,3162
7778,5641,4870,4652,2074,8784
6302,4447,5448,2916,687,3149
7023,4860,4906,2594,2487,1148
8032,6101,7868,1689,1384,7393
7685,6181,5905,4684,4315,2562
5012,4493,4428,3145,2115,2116
5012,4493,4428,3145,2115,2116
7128,6648,6352,4489,4259,2480
6103,6660,7695,6245,4644,3941
7522,1697,12,1083,5438,4512
7637,7170,7088,7050,5920,4999
7752,7554,7342,4960,3075,2129
4069,3740,2853,2135,1926,1325
8605,4606,2142,966,628,777
5808,3248,2441,1300,2143,422
4914,4781,3590,1669,2145,301
6861,6777,6219,4771,2149,1841
6239,4991,4530,3246,3551,8787
4119,2450,2323,20,779,1488
7176,2171,2918,187,1717,7857
2255,2038,2175,1493,473,5
8385,8222,6947,6209,2176,1776
8640,7797,8393,6251,3801,5192
5122,3609,4961,2863,2420,1333
5436,4837,5355,4117,2181,4488
5116,5134,2186,3910,883,1006
3011,994,2191,3247,5290,2526
8292,8090,7378,7285,6601,5038
6844,4872,2203,1972,4277,2985
5116,5134,2186,3910,883,1006
7350,6975,3688,3021,3588,2213
7390,6568,7223,6188,5676,2223
6240,5974,5675,4042,4676,2237
5445,2246,4958,669,2784,2294
7152,6354,4701,4296,4589,2247
6764,4611,4253,3638,2500,2248
7719,6711,6987,5232,5389,4605
2255,2038,2175,1493,473,5
6858,3641,3673,2453,2259,2307
6481,3561,3274,3033,2721,2269
6858,3641,3673,2453,2259,2307
6944,6195,5037,4346,3495,2516
6958,6386,4111,3814,2637,2285
4776,1921,6116,2003,2515,1061
7560,4367,6674,2972,1574,3048
6858,3641,3673,2453,2259,2307
7876,6741,3134,2310,1985,1681
6506,2509,4983,698,2314,3264
7700,4225,4032,1109,2320,1081
1488,2323,2450,166,20,779
8551,8265,7246,4594,4386,4138
5967,3974,3823,3111,3458,2333
8140,7119,6281,4843,5829,2343
7505,3689,6399,3213,2737,2794
6150,5955,5619,1950,2355,11
8023,4552,4090,2358,2433,1642
6343,6118,4619,3163,4485,2472
7739,7361,3466,2917,3181,2361
6345,5946,5511,5015,4834,4811
6112,2363,3847,1063,167,5100
5916,5843,5327,2958,400,2368
4766,3423,2811,1811,2372,1377
7623,5855,5549,2432,2376,1927
7228,6764,6805,4738,3638,4611
7039,6786,6573,6356,5288,2379
8340,6901,5981,4161,3367,3110
7992,4257,3697,533,1793,4672
8277,7082,7738,5764,4357,3879
5783,5497,5451,4986,3892,2391
8083,7291,2394,1256,1191,811
8140,7119,6281,4843,5829,2343
7153,5540,3154,2412,1810,1826
4023,5003,3726,3425,3183,3492
5122,3609,4961,2863,2420,1333
7623,5855,5549,2432,2376,1927
8023,4552,4090,2358,2433,1642
5808,3248,2441,1300,2143,422
6843,4644,6245,2448,1627,175
4153,3418,2449,1939,2002,532
1488,2323,2450,166,20,779
6858,3641,3673,2453,2259,2307
8551,8265,7246,4594,4386,4138
5941,6167,6300,2464,494,4278
8487,5384,4504,3498,1948,2752
7595,7081,6835,5046,4920,4203
8261,7204,7845,3668,1257,4410
6343,6118,4619,3163,4485,2472
7128,6648,6352,4489,4259,2480
6077,5631,5430,3449,5059,2484
7023,4860,4906,2594,2487,1148
6077,5631,5430,3449,5059,2484
8300,7536,8059,5399,4172,2498
6764,4611,4253,3638,2500,2248
7613,5942,3897,3908,3665,2706
6506,2509,4983,698,2314,3264
5136,5013,3995,2731,3914,1692
6116,2003,2515,1921,1147,1061
6944,6195,5037,4346,3495,2516
3604,2519,2922,1879,1438,801
5857,5275,5104,3302,4819,2523
4605,4377,2525,2055,225,401
8060,5691,6313,3011,2888,3237
6564,5845,4437,3904,3364,2533
5529,4551,4561,2546,4071,619
5263,4981,4950,4868,3809,2960
6081,3790,3838,3443,2552,1373
7685,6181,5905,4684,4315,2562
7526,6221,6079,2564,2928,671
8714,7743,8161,6735,6481,5354
7711,7436,3243,1144,2569,5763
6105,5509,4097,2570,3061,1917
4184,1468,2575,544,364,568
7864,7682,7095,5745,5571,5362
8292,8090,7378,7285,6601,5038
7023,4860,4906,2594,2487,1148
7733,5974,5675,4042,4676,3139
6016,5070,3807,2604,566,190
7447,6940,5601,5206,4425,2613
6543,5036,4953,2622,3025,666
6904,5184,3950,3281,3721,2636
6958,6386,4111,3814,2637,2285
7595,7081,6835,5046,4920,4203
6111,5744,4625,2646,1087,1018
7393,5098,5909,3486,3885,1403
6319,4145,3421,2671,2923,443
4907,4638,4553,4531,2685,214
7808,7828,6293,4798,5248,4567
5701,4846,4566,1930,4952,315
7466,6445,5881,2695,1808,1630
7040,6729,6966,3981,6751,3921
2704,3002,3460,37,8712,632
7613,5942,3897,3908,3665,2706
8278,7416,6178,3936,2711,2067
6481,3561,3274,3033,2721,2269
5136,5013,3995,2731,3914,1692
6399,5096,3689,3213,2737,898
5384,2752,3498,3841,2465,181
5732,2762,5170,1783,1555,554
7280,4663,6733,4411,4351,3329
8129,7750,5237,3707,2775,220
8354,6673,8148,5445,5480,5846
7738,6068,5764,4357,3435,2792
6399,5096,3689,3213,2737,898
7259,7017,5240,2795,234,1586
6652,6488,5413,4742,2796,3416
4679,4266,3675,2798,539,369
7641,6861,7560,6674,6219,4771
4766,3423,2811,1811,2372,1377
7165,6092,5779,5341,5858,5108
4273,2827,4045,288,1085,3120
5916,5843,5327,2958,400,2368
7600,7311,7182,5935,6608,4938
4882,4727,4471,2841,1675,559
7600,7311,7182,5935,6608,4938
2850,3552,3600,1173,5035,3882
4069,3740,2853,2135,1926,1325
3337,2855,3138,1852,591,460
5122,3609,4961,2863,2420,1333
7299,6713,6373,5695,4806,4435
7673,6088,6502,229,758,953
8490,7840,4219,3820,3979,2877
6420,4691,4072,3487,2879,1567
8132,7866,7054,6950,6290,4730
6313,5691,6158,2888,881,835
7629,5351,4688,4636,4131,2894
5995,4192,5303,3931,397,1844
5448,2916,4447,687,3149,4825
7739,7361,3466,2917,3181,2361
7176,2171,2918,187,1717,7857
3604,2519,2922,1879,1438,801
6319,4145,3421,2671,2923,443
7417,7143,6851,5750,2924,1571
7526,6221,6079,2564,2928,671
8277,5764,7738,2792,3435,4357
7165,6092,5779,5341,5858,5108
8260,5246,7382,3966,6744,297
4711,3462,3884,2952,398,4484
6033,5181,4330,3338,4047,124
5916,5843,5327,2958,400,2368
5263,4981,4950,4868,3809,2960
6674,4367,2972,1574,3048,3272
8300,8059,8235,4172,5399,7536
7637,7170,7088,7050,5920,4999
7642,4872,6844,2203,1972,4277
7555,7511,5639,4412,4237,4125
3879,2992,1731,1096,1449,267
7985,2995,3937,3041,1430,249
7007,6964,6138,3424,3999,1699
2704,3002,3460,37,8712,632
3011,994,2191,3247,5290,2526
5293,4490,3980,3020,235,937
7350,6975,3688,3021,3588,2213
6543,5036,4953,2622,3025,666
8306,5597,6933,2062,2008,280
6481,3561,3274,3033,2721,2269
7985,2995,3937,3041,1430,249
7560,4367,6674,2972,1574,3272
8260,6744,7382,5246,3966,297
3941,3054,3613,1563,2007,4512
6105,5509,4097,2570,3061,1917
3726,3066,3425,1584,880,3852
8277,5764,7738,2792,3435,4357
4797,3674,4033,3615,3070,1644
7752,7554,7342,4960,3075,2129
5604,5440,5581,3522,1702,3077
5402,5078,4440,3352,848,1553
73,4145,6319,2923,2671,3421
8340,6901,5981,4161,3367,3110
5967,3974,3823,3111,3458,2333
7929,4045,4273,2827,1085,288
1068,3121,359,237,5678,7726
7029,5410,4265,3737,3362,3130
7269,3131,1484,1269,5005,1952
7876,6741,3134,2310,1985,1681
3337,2855,3138,1852,591,460
6240,5974,5675,4042,4676,2237
5012,4493,4428,3145,2115,2116
4816,4447,6302,2916,5448,687
7153,5540,3154,2412,1810,1826
5928,5211,4130,3158,2069,3368
8195,5484,7307,5160,2020,934
8362,7935,6306,3395,4290,3162
6343,6118,4619,3163,4485,2472
7739,7361,3466,2917,3181,2361
3492,3183,1911,1479,6918,4712
6510,8139,8627,6647,6424,5685
5604,5440,5581,3522,1702,3077
7797,6251,5129,3193,3801,643
6904,5184,3950,3281,3721,2636
7555,7511,5639,4412,4237,4125
6399,5096,3689,3213,2737,898
7817,6298,5964,5075,5492,4550
3011,994,2191,3247,5290,2526
3454,2058,3239,1465,598,8755
7711,7436,3243,1144,2569,5763
6239,4991,4530,3246,3551,8787
2191,3237,3011,994,5290,6221
5808,3248,2441,1300,2143,422
1378,3250,3881,806,4816,849
5883,4909,3256,1004,1659,4
6938,4983,6506,2509,2314,698
8438,7498,6284,4141,3267,1454
6674,4367,7560,2972,1574,3048
6481,3561,3274,3033,2721,2269
6599,6157,5733,5640,1936,3278
6904,5184,3950,3281,3721,2636
7624,7007,6964,5402,5078,6138
6647,5685,6424,3294,693,660
6424,3294,5685,660,693,3850
6324,3295,3756,1540,449,251
5857,5275,5104,3302,4819,2523
6733,4411,4663,4351,3329,241
3337,2855,3138,1852,591,460
6033,5181,4330,3338,4047,124
5196,4028,3343,721,515,7439
5297,5256,3350,1187,962,542
5402,5078,4440,3352,848,1553
5489,5396,4985,3929,4167,973
5854,3359,3975,1801,524,561
7029,5410,4265,3737,3362,3130
6564,5845,4437,3904,3364,2533
8340,6901,5981,4161,3367,3110
5928,5211,4130,3158,2069,3368
7505,6660,6399,3613,3689,3941
46,6607,8658,6128,7713,5267
7570,5354,4572,3391,3899,6636
8362,7935,6306,3395,4290,3162
6652,6488,6931,5413,4742,2796
6409,3884,4711,2952,3462,398
4153,3418,2449,1939,2002,532
6319,4145,3421,2671,2923,443
4766,3423,2811,1811,2372,1377
7007,6964,6138,3424,3999,1699
3726,3066,3425,1584,880,3852
7929,4692,6448,4273,2827,4045
7738,6068,5764,4357,3435,2792
6081,3790,3838,3443,2552,1373
7390,6568,7223,6188,5676,2223
6077,5631,5430,3449,5059,2484
4015,3723,3824,3450,1757,264
8713,6844,7642,4872,6587,4768
3454,2058,3239,1465,598,8755
8477,4638,4907,4553,4531,214
5967,3974,3823,3111,3458,2333
2704,3002,3460,37,8712,632
4711,3462,3884,2952,398,4484
7739,7361,3466,2917,3181,2361
7419,6604,3749,1707,3474,1517
8292,8090,7378,7285,6601,5038
5098,3885,3486,1403,2658,7848
6420,4691,4072,3487,2879,1567
3492,3183,1911,1479,6918,4712
6476,5682,5456,5364,4564,4248
6944,6195,5037,4346,3495,2516
5384,2752,3498,3841,2465,181
7210,4724,4969,4310,3504,772
7966,4691,4072,1567,2879,3487
5604,5440,5581,3522,1702,3077
7026,3525,3957,8805,442,243
8359,7750,8129,3707,2775,5237
6239,4991,4530,3246,3551,8787
2850,3552,3600,1173,5035,3882
5699,4493,4428,3145,2115,2116
6481,3561,3274,3033,2721,2269
8551,8265,7246,4594,4386,4138
7434,6839,5992,5592,1005,3570
7762,7690,4910,4208,4708,1303
8203,8182,8093,4229,3581,925
3764,3888,5471,3582,821,1060
8221,6635,4937,4648,3955,3583
7350,6975,3688,3021,3588,2213
4914,4781,3590,1669,2145,301
2850,3552,3600,1173,5035,3882
3604,2519,2922,1879,1438,801
7839,7629,7624,6138,6964,5351
8195,5484,7307,5160,934,1146
5122,3609,4961,2863,2420,1333
3941,3054,3613,1563,2007,4512
4797,3674,4033,3615,3070,1644
6764,4611,4253,3638,2500,2248
6858,3641,3673,2453,2259,2307
7105,6026,5081,3760,4323,3781
3654,4401,4704,745,7572,7541
62,5293,4490,3020,2048,3980
7210,4724,7656,4969,4310,772
7613,5942,3897,3908,3665,2706
7845,7204,4410,3668,1257,909
6858,3641,3673,2453,2259,2307
4797,3674,4033,3615,3070,1644
4679,4266,3675,2798,539,369
8382,7360,7858,5370,4461,5481
8359,7750,8129,5237,3600,3707
7350,6975,3688,3021,3588,2213
6399,5096,3689,3213,2737,898
4257,3697,1793,533,2383,4672
8129,7750,5237,3707,2775,220
62,5916,7383,5293,5327,4490
6904,5184,3950,3281,3721,2636
4015,3723,3824,3450,1757,264
3726,3066,3425,1584,880,3852
7029,5410,4265,3737,3362,3130
8687,4606,8605,2142,777,906
4069,3740,2853,2135,1926,1325
8141,3880,8186,1336,1221,4922
7419,6604,3749,1707,3474,1517
6324,3295,3756,1540,449,251
7105,6026,5081,3760,4323,3781
3764,3888,5471,3582,821,1060
8669,1102,4321,884,206,5245
8595,7072,8238,6465,4140,3768
7105,6026,5081,3760,4323,3781
2,5240,7259,2795,1874,7017
6081,3790,3838,3443,2552,1373
6599,6157,5733,5640,1936,3278
7797,6251,5129,3193,3801,643
6016,5070,3807,2604,566,190
5263,4981,4950,4868,3809,2960
6958,6386,4111,3814,2637,2285
8490,7840,4219,3820,3979,2877
5967,3974,3823,3111,3458,2333
4015,3723,3824,3450,1757,264
6081,3790,3838,3443,2552,1373
5384,4504,3498,2752,3337,3138
6112,2363,3847,1063,167,5100
6647,6424,5685,3294,693,660
5003,3726,3425,1584,880,3066
8299,7731,3866,872,1226,4482
7796,4748,4415,4707,3990,6844
3879,2992,1731,1096,1449,267
8186,4922,3880,1336,1221,799
1378,3250,3881,806,4816,849
6425,3552,3600,2850,1173,5035
4711,3462,3884,2952,398,4484
5098,3885,3486,1403,2658,7848
6673,5480,5846,4120,3887,2784
3764,3888,5471,3582,821,1060
5783,5497,5451,4986,3892,2391
8487,1948,1448,466,26,2465
7743,5305,5331,4829,3895,1492
7613,5942,3897,3908,3665,2706
7570,5354,4572,3391,3899,6636
6564,5845,4437,3904,3364,2533
7613,5942,3897,3908,3665,2706
5116,5134,2186,3910,883,1006
5136,5013,3995,2731,3914,1692
8627,8139,8568,6729,6966,6751
5489,5396,4985,3929,4167,973
5995,3931,4192,397,1844,2909
7626,7224,6450,5219,4948,4316
8278,7416,6178,3936,2711,2067
7985,2995,3937,3041,1430,249
8404,5955,5619,1950,2355,6150
3941,3054,3613,1563,2007,4512
6904,5184,3950,3281,3721,2636
6908,6521,6185,5411,5977,3954
8221,6635,4937,4648,3955,3583
7026,3525,3957,8805,442,243
7382,6744,5246,3966,297,2942
8395,7081,7595,5489,5693,5396
5967,3974,3823,3111,3458,2333
5854,3359,3975,1801,524,561
8260,7382,7895,5246,6744,3966
8490,7840,4219,3820,3979,2877
5293,4490,3980,3020,235,937
6966,6729,6751,3981,2699,3664
4415,4707,4748,3990,3867,6050
5777,5125,3993,1966,1530,988
5136,5013,3995,2731,3914,1692
8548,8182,8203,925,3581,4229
7007,6964,6138,3424,3999,1699
6847,6676,6301,6218,5014,4599
4015,3723,3824,3450,1757,264
7418,6819,6110,4016,4419,2005
3492,3183,1911,1479,6918,4712
7637,7170,7088,7050,5920,4999
5196,4028,3343,721,515,7439
58,7143,6851,5750,7417,1571
90,5070,6016,3807,2604,190
7700,4225,4032,1109,2320,1081
4797,3674,4033,3615,3070,1644
6240,5974,5675,4042,4676,2237
4273,2827,4045,288,1085,3120
6033,5181,4330,3338,4047,124
8466,7731,8299,872,1226,3866
4069,3740,2853,2135,1926,1325
5529,4551,4561,2546,4071,619
6420,4691,4072,3487,2879,1567
6672,1534,4085,1547,8756,6254
7555,7511,5639,4412,4237,4125
8023,4552,4090,2358,2433,1642
6105,5509,4097,2570,3061,1917
8132,7866,7054,6950,6290,4730
6958,6386,4111,3814,2637,2285
7858,7360,5821,5370,5481,4461
5436,4837,5355,4117,2181,4488
1488,2323,2450,166,20,779
6673,5480,5846,4120,3887,2784
8209,3975,5854,1801,3359,790
7555,7511,5639,4412,4237,4125
58,7143,7417,6851,5750,4686
5928,5211,4130,3158,2069,3368
7629,5351,4688,4636,4131,2894
7544,1602,4137,1581,936,8732
8551,8265,7246,4594,4386,4138
8595,7072,8238,6465,4140,3768
8438,7498,6284,4141,3267,1454
8161,6302,7570,5354,4447,4572
6319,4145,3421,2671,2923,443
4153,3418,2449,1939,2002,532
8340,6901,5981,4161,3367,3110
674,4979,707,289,670,5279
5489,5396,4985,3929,4167,973
8300,7536,8059,5399,4172,2498
4184,1468,2575,544,364,568
5995,3931,4192,397,1844,2909
7595,7081,6835,5046,4920,4203
7599,5451,5783,4986,3892,5497
7762,7690,4910,4208,4708,1303
64,6788,6996,6592,4209,679
8490,7840,4219,3820,3979,2877
7700,4225,4032,1109,2320,1081
8203,8182,8093,4229,3581,925
7181,4866,6754,4448,4232,4249
8002,6599,7383,5916,5843,5733
7555,7511,5639,4412,4237,4125
6476,5682,5456,5364,4564,4248
7181,4866,6754,4448,4232,4249
6764,4611,4253,3638,2500,2248
4257,3697,1793,533,2383,4672
7128,6648,6352,4489,4259,2480
7029,5410,4265,3737,3362,3130
4679,4266,3675,2798,539,369
6448,4692,4853,1114,1840,4711
4273,2827,4045,288,1085,3120
8698,7291,8083,1191,1256,2394
7642,4872,6844,1972,2203,2985
5941,6167,6300,2464,494,4278
8362,7935,6306,3395,4290,3162
7152,6354,4701,4296,4589,2247
5769,4297,4675,968,1635,5100
7210,4724,4969,4310,3504,772
8653,8521,8180,4312,1842,1859
7685,6181,5905,4684,4315,2562
7626,7224,6450,5219,4948,4316
4321,884,1102,206,5245,333
7105,6026,5081,3760,4323,3781
6033,5181,4330,3338,4047,124
8292,8090,7378,7285,6601,5038
6944,6195,5037,4346,3495,2516
6733,4411,4663,4351,3329,241
7738,6068,5764,4357,3435,2792
7148,4905,4361,977,146,388
7783,6405,4364,1402,325,8796
6674,4367,2972,1574,3048,3272
98,3937,7985,3041,2995,249
4605,4377,2525,2055,225,401
8484,7642,7700,6844,4872,4032
8551,8265,7246,4594,4386,4138
6711,5954,5389,4390,5232,844
7434,6839,5992,5592,1005,3570
3654,4401,4704,745,7572,7541
7845,7204,4410,3668,1257,909
6733,4411,4663,4351,3329,241
7555,7511,5639,4412,4237,4125
4415,4707,4748,3990,3867,6050
7418,6819,6110,4016,4419,2005
8527,8207,6446,1374,4423,452
7447,6940,5601,5206,4425,2613
5012,4493,4428,3145,2115,2116
7299,6713,6373,5695,4806,4435
6564,5845,4437,3904,3364,2533
5402,5078,4440,3352,848,1553
5448,2916,4447,687,3149,4825
7181,4866,6754,4448,4232,4249
7858,7360,5821,5370,5481,4461
4882,4727,4471,2841,1675,559
7799,5211,5928,4130,2069,3158
8466,7731,8299,3866,1226,872
6409,4711,3884,3462,2952,398
6343,6118,4619,3163,4485,2472
8685,5355,4837,4117,2181,5436
7128,6648,6352,4489,4259,2480
5293,4490,3980,3020,235,937
5012,4493,4428,3145,2115,2116
1952,7484,7269,5413,6488,6931
5384,2752,3498,3841,2465,181
6660,3941,3613,2007,1563,3054
8646,7390,8019,6188,6568,5676
4153,3418,2449,1939,2002,532
5995,4853,6448,4692,3931,4192
6239,4991,4530,3246,3551,8787
4907,4638,4553,4531,2685,214
4797,3674,4033,3615,3070,1644
8359,7750,8129,3707,2775,5237
7817,6298,5964,5075,5492,4550
5529,4551,4561,2546,4071,619
8023,4552,4090,2358,2433,1642
4907,4638,4553,4531,2685,214
5529,4551,4561,2546,4071,619
6476,5682,5456,5364,4564,4248
4952,4846,4566,1930,1851,315
7808,7828,6293,4798,5248,4567
7082,3879,1731,2992,1449,324
7570,5354,4572,3391,3899,6636
7152,6354,4701,4296,4589,2247
8551,8265,7246,4594,4386,4138
6847,6676,6301,6218,5014,4599
4605,4377,2525,2055,225,401
8605,4606,2142,966,628,777
6764,4611,4253,3638,2500,2248
8132,7866,7054,6950,6290,4730
6343,6118,4619,3163,4485,2472
8644,5509,6105,4097,3061,2570
6111,5744,4625,2646,1087,1018
7992,4257,5754,2855,3138,3337
7629,5351,4688,4636,4131,2894
4907,4638,4553,4531,2685,214
6843,4644,6245,2448,1627,175
6111,5744,6316,4625,1018,694
8221,6635,4937,4648,3955,3583
7778,5641,4870,4652,2074,8784
6733,4411,4663,4351,3329,241
7992,4257,3697,1793,533,2383
8713,6587,6557,1174,1526,4768
5769,4297,4675,968,1635,5100
6240,5974,5675,4042,4676,2237
4679,4266,3675,2798,539,369
7685,6181,5905,4684,4315,2562
4738,4686,487,426,7497,5678
7629,5351,4688,4636,4131,2894
6420,4691,4072,3487,2879,1567
4853,4692,1840,1114,4272,4525
7152,6354,4701,4296,4589,2247
3654,4401,4704,745,7572,7541
4415,4707,4748,3990,3867,6050
7762,7690,4910,4208,4708,1303
4711,3462,3884,2952,398,4484
8383,6573,7039,6356,5288,4023
7210,4724,4969,4310,3504,772
4882,4727,4471,2841,1675,559
8132,7866,7054,6950,6290,4730
4738,4686,487,426,7497,5678
6652,6488,5413,4742,2796,3416
4415,4707,4748,3990,3867,6050
7637,7170,7088,7050,5920,4999
7176,6199,7379,4184,2171,2575
4766,3423,2811,1811,2372,1377
6557,6587,4768,1174,1526,376
6861,6777,6219,4771,2149,1841
4847,6359,6702,4772,7121,1814
6116,2003,2515,1921,1147,1061
4914,4781,3590,1669,2145,301
8399,5974,7733,5675,5136,5013
4797,3674,4033,3615,3070,1644
7808,7828,6293,4798,5248,4567
7299,6713,6373,5695,4806,4435
6345,5946,5511,5015,4834,4811
3149,3881,8190,1378,3250,806
5857,5275,5104,3302,4819,2523
5448,4447,6302,2916,687,3149
7743,5305,5331,4829,3895,1492
6345,5946,5511,5015,4834,4811
5436,4837,5355,4117,2181,4488
8140,7119,6281,4843,5829,2343
4952,4846,4566,1930,1851,315
4847,6359,6702,4772,7121,1814
4853,4692,1840,1114,4272,4525
7289,1493,2255,2175,2038,473
7023,4860,4906,2594,2487,1148
7181,4866,6754,4448,4232,4249
5263,4981,4950,4868,3809,2960
7778,5641,4870,4652,2074,8784
6844,4872,2203,1972,4277,2985
4882,4727,4471,2841,1675,559
7799,5928,5211,2069,4130,3158
7148,4905,4361,977,146,388
7023,4860,4906,2594,2487,1148
4907,4638,4553,4531,2685,214
5883,4909,3256,1004,1659,4
7762,7690,4910,4208,4708,1303
4914,4781,3590,1669,2145,301
7595,7081,6835,5046,4920,4203
8186,4922,3880,1336,1221,799
8221,6635,4937,4648,3955,3583
7600,7311,7182,5935,6608,4938
7280,4663,6733,4351,4411,3329
7626,7224,6450,5219,4948,4316
5263,4981,4950,4868,3809,2960
4952,4846,4566,1930,1851,315
6543,5036,4953,2622,3025,666
5445,2246,4958,669,2784,2294
7752,7554,7342,4960,3075,2129
5122,3609,4961,2863,2420,1333
7210,4724,4969,4310,3504,772
674,4979,707,289,670,5279
5263,4981,4950,4868,3809,2960
6506,2509,4983,698,2314,3264
5489,5396,4985,3929,4167,973
5783,5497,5451,4986,3892,2391
4524,3418,4153,2449,2002,1744
6239,4991,4530,3246,3551,8787
7637,7170,7088,7050,5920,4999
3726,3066,3425,1584,880,3852
7484,7269,3131,1269,1484,1952
5012,4493,4428,3145,2115,2116
5136,5013,3995,2731,3914,1692
6847,6676,6301,6218,5014,4599
6345,5946,5511,5015,4834,4811
7289,1493,2255,2175,2038,5
6425,3600,3552,1173,2850,3882
6543,5036,4953,2622,3025,666
6944,6195,5037,4346,3495,2516
8292,8090,7378,7285,6601,5038
7595,7081,6835,5046,4920,4203
6077,5631,5430,3449,5059,2484
8002,5733,6599,5640,6157,3794
6016,5070,3807,2604,566,190
7721,6181,7685,5116,5905,5134
7817,6298,5964,5075,5492,4550
5402,5078,4440,3352,848,1553
7105,6026,5081,3760,4323,3781
6399,5096,3689,3213,2737,898
5098,3885,3486,1403,2658,7848
7954,6112,3847,2363,1063,167
5857,5275,5104,3302,4819,2523
7165,6092,5779,5341,5858,5108
7434,5992,7589,5592,3570,4396
5281,4401,4704,745,3654,7572
5116,5134,2186,3910,883,1006
5122,3609,4961,2863,2420,1333
5777,5125,3993,1966,1530,988
7797,6251,5129,3193,3801,643
5116,5134,2186,3910,883,1006
5136,5013,3995,2731,3914,1692
8568,8139,5383,5137,1128,5216
7307,5484,5160,2020,1146,934
5732,2762,5170,1783,1555,554
6033,5181,4330,3338,4047,124
6904,5184,3950,3281,3721,2636
7871,1994,5192,662,1409,7843
5196,4028,3343,721,515,7439
7447,6940,5601,5206,4425,2613
5928,5211,4130,3158,2069,3368
8627,8139,8568,5383,5137,1128
7626,7224,6450,5219,4948,4316
6711,5954,5389,4390,5232,844
8129,7750,5237,3707,2775,220
7589,7434,7469,5808,5992,5592
7259,7017,5240,2795,234,1586
8669,4321,884,1102,206,540
7382,6744,5246,3966,297,2942
7808,7828,6293,4798,5248,4567
5297,5256,3350,1187,962,542
5263,4981,4950,4868,3809,2960
8658,6607,7713,6128,5267,1040
5857,5275,5104,3302,4819,2523
674,4164,4979,289,707,670
3654,4401,4704,745,7572,7541
7039,6786,6573,6356,5288,2379
2191,3011,3237,994,3247,4164
5293,4490,3980,3020,235,937
5297,5256,3350,1187,962,542
8135,8125,8014,7403,7431,6388
5995,3931,4192,397,1844,2909
7743,5305,5331,4829,3895,1492
8135,8125,8014,7403,7431,6388
5916,5843,5327,2958,400,2368
7743,5305,5331,4829,3895,1492
8228,5948,5335,1457,8782,764
7165,6092,5779,5341,5858,5108
7968,6940,7447,5601,1940,4425
7629,5351,4688,4636,4131,2894
7570,5354,4572,3391,3899,6636
5436,4837,5355,4117,2181,4488
8190,7484,7929,7269,3881,3250
7864,7682,7095,5745,5571,5362
6476,5682,5456,5364,4564,4248
7656,7210,4969,4724,4310,772
7858,7360,5821,5370,5481,4461
8568,8139,5383,5137,1128,5216
5384,2752,3498,3841,2465,181
6711,5954,5389,4390,5232,844
5489,5396,4985,3929,4167,973
8094,6390,7778,4870,5641,4015
8300,7536,8059,5399,4172,2498
5402,5078,4440,3352,848,1553
7029,5410,4265,3737,3362,3130
6908,6521,6185,5411,5977,3954
6652,6488,5413,4742,2796,3416
62,5293,4490,3980,3020,937
6077,5631,5430,3449,5059,2484
5436,4837,5355,4117,2181,4488
7522,5196,6664,4028,721,1697
5604,5440,5581,3522,1702,3077
5445,2246,4958,669,2784,2294
5448,2916,4447,687,3149,4825
5783,5497,5451,4986,3892,2391
6476,5682,5456,5364,4564,4248
3764,3888,5471,3582,821,1060
6673,5480,5846,4120,3887,2784
7858,7360,5821,5370,5481,4461
8359,7750,8129,5237,3707,220
7307,5484,5160,2020,1146,934
5489,5396,4985,3929,4167,973
7817,6298,5964,5075,5492,4550
5783,5497,5451,4986,3892,2391
6105,5509,4097,2570,3061,1917
6345,5946,5511,5015,4834,4811
8195,7307,8038,5122,5484,5160
5529,4551,4561,2546,4071,619
7153,5540,3154,2412,1810,1826
7623,5855,5549,2432,2376,1927
7864,7682,7095,5745,5571,5362
5604,5440,5581,3522,1702,3077
7434,6839,5992,5592,1005,3570
6933,5597,2062,1073,280,2008
8685,8605,8687,5355,5436,4837
7447,6940,5601,5206,4425,2613
5604,5440,5581,3522,1702,3077
6150,5955,5619,1950,2355,11
6077,5631,5430,3449,5059,2484
7555,7511,5639,4412,4237,4125
6599,6157,5733,5640,1936,3278
7778,5641,4870,4652,2074,8784
7635,6077,5631,2484,3449,5059
6375,1879,3604,2922,2519,1438
5263,4981,4950,4868,3809,2960
8704,8380,8527,6446,5581,5604
6240,5974,5675,4042,4676,2237
7390,6568,7223,6188,5676,2223
7228,4738,4686,1068,1416,3121
6476,5682,5456,5364,4564,4248
6424,3294,5685,660,693,3850
6313,5691,6158,2888,881,835
5489,5396,4985,3929,4167,973
7299,6713,6373,5695,4806,4435
5012,4493,4428,3145,2115,2116
4952,4846,4566,1930,1851,315
5732,2762,5170,1783,1555,554
6599,6157,5733,5640,1936,3278
6111,5744,4625,2646,1087,1018
7864,7682,7095,5745,5571,5362
7417,7143,6851,5750,2924,1571
8626,7416,8278,6178,2711,3936
3337,2855,3138,1852,591,460
8369,7436,7711,3243,2569,1144
7738,6068,5764,4357,3435,2792
5769,4297,4675,968,1635,5100
5777,5125,3993,1966,1530,988
7165,6092,5779,5341,5858,5108
5783,5497,5451,4986,3892,2391
8084,5471,3582,3764,3888,4164
5808,3248,2441,1300,2143,422
7858,7360,5821,5370,5481,4461
8140,7119,6281,4843,5829,2343
5916,5843,5327,2958,400,2368
6564,5845,4437,3904,3364,2533
6673,5480,5846,4120,3887,2784
5854,3359,3975,1801,524,561
7623,5855,5549,2432,2376,1927
5857,5275,5104,3302,4819,2523
7165,6092,5779,5341,5858,5108
7466,6445,5881,2695,1808,1630
5883,4909,3256,1004,1659,4
8597,6405,7783,1402,4364,8796
8381,7361,7739,3181,2917,2361
7685,6181,5905,4684,4315,2562
5098,3885,3486,1403,2658,7848
5916,5843,5327,2958,400,2368
7637,7170,7088,7050,5920,4999
5928,5211,4130,3158,2069,3368
7600,7311,7182,5935,6608,4938
5941,6167,6300,2464,494,4278
7613,5942,3897,3908,3665,2706
6345,5946,5511,5015,4834,4811
8228,5948,5335,1457,8782,764
6711,5954,5389,4390,5232,844
6150,5955,5619,1950,2355,11
7817,6298,5964,5075,5492,4550
5967,3974,3823,3111,3458,2333
6240,5974,5675,4042,4676,2237
6908,6521,6185,5411,5977,3954
8340,6901,5981,4161,3367,3110
4679,4266,3675,2798,539,369
7434,6839,5992,5592,1005,3570
5995,3931,4192,397,1844,2909
8382,7360,7858,5821,4116,5370
6016,5070,3807,2604,566,190
7105,6026,5081,3760,4323,3781
6033,5181,4330,3338,4047,124
8643,6754,7181,4448,4232,4249
8467,7796,8595,7072,4748,6465
5116,5134,2186,3910,883,1006
7738,6068,5764,4357,3435,2792
6077,5631,5430,3449,5059,2484
7526,6221,6079,2564,2928,671
6081,3790,3838,3443,2552,1373
6502,1906,6088,953,758,229
7165,6092,5779,5341,5858,5108
7868,6101,1689,1384,2107,6452
2123,3941,6660,3613,3054,1563
6105,5509,4097,2570,3061,1917
7418,6819,6110,4016,4419,2005
6111,5744,4625,2646,1087,1018
6112,2363,3847,1063,167,5100
6116,2003,2515,1921,1147,1061
6343,6118,4619,3163,4485,2472
8658,6607,7713,6128,5267,1040
7007,6964,6138,3424,3999,1699
6150,5955,5619,1950,2355,11
6599,6157,5733,5640,1936,3278
6313,5691,6158,2888,881,835
8412,6673,8354,5480,5769,5846
5941,6167,6300,2464,494,4278
8278,7416,6178,3936,2711,2067
7685,6181,5905,4684,4315,2562
6908,6521,6185,5411,5977,3954
7390,6568,7223,6188,5676,2223
6944,6195,5037,4346,3495,2516
7176,2171,2918,187,1717,7857
8385,8222,6947,6209,2176,1776
6847,6676,6301,6218,5014,4599
6861,6777,6219,4771,2149,1841
7526,6221,6079,2564,2928,671
6239,4991,4530,3246,3551,8787
6240,5974,5675,4042,4676,2237
6843,4644,6245,2448,1627,175
8492,8173,7105,6026,5081,4914
7797,6251,5129,3193,3801,643
7548,6672,4085,1534,1547,8756
6647,6424,5685,3294,693,660
5967,3974,3823,3111,3458,2333
8140,7119,6281,4843,5829,2343
8438,7498,6284,4141,3267,1454
8132,7866,7054,6950,6290,4730
7808,7828,6293,4798,5248,4567
7817,6298,5964,5075,5492,4550
5941,6167,6300,2464,494,4278
6847,6676,6301,6218,5014,4599
5448,2916,4447,687,3149,4825
8362,7935,6306,3395,4290,3162
6313,5691,6158,2888,881,835
6111,5744,4625,2646,1087,1018
6319,4145,3421,2671,2923,443
6324,3295,3756,1540,449,251
6343,6118,4619,3163,4485,2472
6345,5946,5511,5015,4834,4811
7128,6648,6352,4489,4259,2480
7152,6354,4701,4296,4589,2247
7039,6786,6573,6356,5288,2379
5883,4909,3256,1004,1659,4
4847,6359,6702,4772,7121,1814
7299,6713,6373,5695,4806,4435
3604,2519,2922,1879,1438,801
6958,6386,4111,3814,2637,2285
8135,8125,8014,7403,7431,6388
4015,3723,3824,3450,1757,264
6399,5096,3689,3213,2737,898
7783,6405,4364,1402,325,8796
4711,3462,3884,2952,398,4484
6420,4691,4072,3487,2879,1567
6424,3294,5685,660,693,3850
2850,3552,3600,1173,5035,3882
6987,6711,5954,5232,5389,4390
7466,6445,5881,2695,1808,1630
8527,8207,6446,1374,4423,452
4853,4692,1840,1114,4272,4525
4766,3423,2811,1811,2372,1377
7626,7224,6450,5219,4948,4316
8032,7868,6101,1689,1384,7393
8595,7072,8238,6465,4140,3768
8347,8402,7331,7534,6474,268
6476,5682,5456,5364,4564,4248
6481,3561,3274,3033,2721,2269
6652,6488,5413,4742,2796,3416
6502,1906,6088,953,758,229
6506,2509,4983,698,2314,3264
8624,7026,7642,6324,4872,6844
3186,6424,6647,693,660,3294
7379,5196,6664,3343,2575,4028
6908,6521,6185,5411,5977,3954
6543,5036,4953,2622,3025,666
6557,6587,4768,1174,1526,376
6564,5845,4437,3904,3364,2533
7390,6568,7223,6188,5676,2223
8060,6158,6313,5691,2888,835
7039,6786,6573,6356,5288,2379
6557,6587,4768,1174,1526,376
64,6788,6996,6592,4209,679
6599,6157,5733,5640,1936,3278
8292,8090,7378,7285,6601,5038
7419,6604,3749,1707,3474,1517
8658,6607,7713,6128,5267,1040
7600,7311,7182,5935,6608,4938
7548,6672,4085,1534,1547,8756
8221,6635,4937,4648,3955,3583
8161,7570,5354,4572,3899,3391
6424,3294,5685,660,693,3850
7128,6648,6352,4489,4259,2480
6652,6488,5413,4742,2796,3416
5529,4551,4561,2546,4071,619
3941,3054,3613,1563,2007,4512
5196,4028,3343,721,515,7439
6672,1534,4085,1547,8756,6254
6673,5480,5846,4120,3887,2784
6674,4367,2972,1574,3048,3272
6847,6676,6301,6218,5014,4599
4847,6359,6702,4772,7121,1814
6711,5954,5389,4390,5232,844
7299,6713,6373,5695,4806,4435
8404,7796,6150,5955,5619,4707
6966,6729,6751,3981,2699,3664
6733,4411,4663,4351,3329,241
6481,3561,3274,3033,2721,2269
7876,6741,3134,2310,1985,1681
8393,6251,7797,3193,3801,5129
7382,6744,5246,3966,297,2942
6966,6729,6751,3981,2699,3664
7181,4866,6754,4448,4232,4249
7992,3697,4257,1793,533,4672
6764,4611,4253,3638,2500,2248
6861,6777,6219,4771,2149,1841
7039,6786,6573,6356,5288,2379
64,6788,6996,6592,4209,679
6938,6506,4983,2314,2509,698
6764,4611,4253,3638,2500,2248
7418,6819,6110,4016,4419,2005
6343,6118,4619,3163,4485,2472
7595,7081,6835,5046,4920,4203
7434,6839,5992,5592,1005,3570
6843,4644,6245,2448,1627,175
6844,4872,2203,1972,4277,2985
6847,6676,6301,6218,5014,4599
7417,7143,6851,5750,2924,1571
6858,3641,3673,2453,2259,2307
6861,6777,6219,4771,2149,1841
8650,8399,8490,7840,5013,5136
7832,6167,6300,4278,5941,494
4847,6359,6702,4772,7121,1814
5402,5078,4440,3352,848,1553
8340,6901,5981,4161,3367,3110
6904,5184,3950,3281,3721,2636
6908,6521,6185,5411,5977,3954
6942,4164,4979,1911,3183,3492
6652,6488,5413,4742,2796,3416
6933,5597,2062,1073,280,2008
6506,2509,4983,698,2314,3264
7447,6940,5601,5206,4425,2613
6918,4164,4979,674,707,289
6944,6195,5037,4346,3495,2516
8385,8222,6947,6209,2176,1776
8132,7866,7054,6950,6290,4730
2704,3002,3460,37,8712,632
6958,6386,4111,3814,2637,2285
7007,6964,6138,3424,3999,1699
6966,6729,6751,3981,2699,3664
1515,8186,8141,3880,1221,1336
7350,6975,3688,3021,3588,2213
6711,5954,5389,4390,5232,844
64,6788,6996,6592,4209,679
7007,6964,6138,3424,3999,1699
7259,7017,5240,2795,234,1586
7023,4860,4906,2594,2487,1148
7026,3525,3957,8805,442,243
7029,5410,4265,3737,3362,3130
7039,6786,6573,6356,5288,2379
6966,6729,6751,3981,2699,3664
7637,7170,7088,7050,5920,4999
8132,7866,7054,6950,6290,4730
8210,8023,6375,4552,4090,3604
7799,5211,5928,3368,3158,4130
8534,5036,6543,4953,3025,2622
8595,7072,8238,6465,4140,3768
8466,7695,8299,7731,6843,6245
7595,7081,6835,5046,4920,4203
3879,2992,1731,1096,1449,267
7637,7170,7088,7050,5920,4999
43,8521,8653,8180,1859,1842
7864,7682,7095,5745,5571,5362
7105,6026,5081,3760,4323,3781
8140,7119,6281,4843,5829,2343
6881,6359,6702,2450,4119,4772
7673,6088,6502,953,1906,229
7128,6648,6352,4489,4259,2480
7355,6324,3756,3295,1540,244
7417,7143,6851,5750,2924,1571
7148,4905,4361,977,146,388
7152,6354,4701,4296,4589,2247
7153,5540,3154,2412,1810,1826
7165,6092,5779,5341,5858,5108
7637,7170,7088,7050,5920,4999
7176,2171,2918,187,1717,7857
6564,5845,4437,3904,3364,2533
7181,4866,6754,4448,4232,4249
7600,7311,7182,5935,6608,4938
5732,2762,5170,1783,1555,554
7845,7204,4410,3668,1257,909
7210,4724,4969,4310,3504,772
7390,6568,7223,6188,5676,2223
7626,7224,6450,5219,4948,4316
4738,4686,487,426,7497,5678
6033,5181,4330,3338,4047,124
8551,8265,7246,4594,4386,4138
7259,7017,5240,2795,234,1586
8331,7624,7544,7007,6964,6138
7350,6975,3688,3021,3588,2213
7269,3131,1484,1269,5005,1952
6733,4411,4663,4351,3329,241
8292,8090,7378,7285,6601,5038
2255,2038,2175,1493,473,5
8083,7291,2394,1256,1191,811
8262,8140,7119,6281,5829,4843
7299,6713,6373,5695,4806,4435
7992,4257,3697,1793,533,4672
7307,5484,5160,2020,1146,934
7600,7311,7182,5935,6608,4938
8347,8402,7331,7534,6474,268
7752,7554,7342,4960,3075,2129
7350,6975,3688,3021,3588,2213
7148,4905,4361,977,146,388
6324,3295,3756,1540,449,251
7858,7360,5821,5370,5481,4461
7739,7361,3466,2917,3181,2361
8292,8090,7378,7285,6601,5038
4184,1468,2575,544,364,568
7382,6744,5246,3966,297,2942
5916,5843,5327,2958,400,2368
7390,6568,7223,6188,5676,2223
2658,6101,8032,7868,1689,1384
8135,8125,8014,7403,7431,6388
8278,7416,6178,3936,2711,2067
7417,7143,6851,5750,2924,1571
7418,6819,6110,4016,4419,2005
7419,6604,3749,1707,3474,1517
6847,6676,6301,6218,5014,4599
8135,8125,8014,7403,7431,6388
7434,6839,5992,5592,1005,3570
7711,7436,3243,1144,2569,5763
8209,6664,5854,3343,3975,4028
7447,6940,5601,5206,4425,2613
7466,6445,5881,2695,1808,1630
5808,3248,2441,1300,2143,422
7269,3131,1484,1269,5005,1952
6239,4991,4530,3246,3551,8787
7228,4686,4738,426,487,6819
8438,7498,6284,4141,3267,1454
6958,6386,4111,3814,2637,2285
6399,5096,3689,3213,2737,898
7280,6733,4663,3329,4351,4411
7555,7511,5639,4412,4237,4125
1697,12,2125,1083,5438,1463
7526,6221,6079,2564,2928,671
6081,3790,3838,3443,2552,1373
8636,64,59,8437,8347,8402
8347,8402,7331,7534,6474,268
8300,7536,8059,5399,4172,2498
7484,7269,5281,3654,3131,4401
7544,1602,4137,1581,936,8732
6672,1534,4085,1547,8756,6254
7752,7554,7342,4960,3075,2129
7555,7511,5639,4412,4237,4125
6674,4367,2972,1574,3048,3272
7570,5354,4572,3391,3899,6636
3654,4704,5281,4401,745,5113
8477,8019,7390,6568,7223,6188
6449,4766,1377,1811,2372,2811
7434,6839,5992,5592,1005,3570
7595,7081,6835,5046,4920,4203
5783,5497,5451,4986,3892,2391
7600,7311,7182,5935,6608,4938
7613,5942,3897,3908,3665,2706
7623,5855,5549,2432,2376,1927
7007,6964,6138,3424,3999,1699
7626,7224,6450,5219,4948,4316
7629,5351,4688,4636,4131,2894
6077,5631,5430,3449,5059,2484
7637,7170,7088,7050,5920,4999
6861,6777,6219,4771,2149,1841
6844,4872,2203,1972,4277,2985
7695,7526,8152,6079,6245,6221
5777,5125,3993,1966,1530,988
7210,4724,4969,4310,3504,772
6502,1906,6088,953,758,229
7864,7682,7095,5745,5571,5362
7685,6181,5905,4684,4315,2562
7762,7690,4910,4208,4708,1303
6843,4644,6245,2448,1627,175
7700,4225,4032,1109,2320,1081
7711,7436,3243,1144,2569,5763
8658,6607,7713,6128,5267,1040
4605,4377,2525,2055,225,401
7685,6181,5905,4684,4315,2562
8380,5581,5604,3077,3188,3522
8689,7808,7828,6831,6343,6293
8299,7731,3866,872,1226,4482
6240,5974,5675,4042,4676,2237
7738,6068,5764,4357,3435,2792
7739,7361,3466,2917,3181,2361
7743,5305,5331,4829,3895,1492
7673,7176,6199,6502,6088,1717
8129,7750,5237,3707,2775,220
7752,7554,7342,4960,3075,2129
7299,6713,6373,5695,4806,4435
7762,7690,4910,4208,4708,1303
7778,5641,4870,4652,2074,8784
7783,6405,4364,1402,325,8796
4415,4707,4748,3990,3867,6050
7797,6251,5129,3193,3801,643
5928,5211,4130,3158,2069,3368
7656,7210,4969,4310,3504,4724
7808,7828,6293,4798,5248,4567
7817,6298,5964,5075,5492,4550
7808,7828,6293,4798,5248,4567
5941,6167,6300,2464,494,4278
7629,5351,4688,4636,4131,2894
8490,7840,4219,3820,3979,2877
8640,7871,5192,1994,1409,662
7845,7204,4410,3668,1257,909
5909,3885,5098,3486,1403,2658
8105,7176,6908,6185,6521,6199
7858,7360,5821,5370,5481,4461
5693,5396,5489,3929,3353,4167
7864,7682,7095,5745,5571,5362
8132,7866,7054,6950,6290,4730
7868,6101,1689,1384,2107,6452
7871,1994,5192,662,1409,7843
7876,6741,3134,2310,1985,1681
8704,8527,8207,6446,4423,1374
6858,3641,3673,2453,2259,2307
5297,5256,3350,1187,962,542
4273,2827,4045,288,1085,3120
8362,7935,6306,3395,4290,3162
8437,8402,8347,7534,8025,6904
7029,5410,4265,3737,3362,3130
6112,2363,3847,1063,167,5100
7752,7554,7342,4960,3075,2129
6420,4691,4072,3487,2879,1567
7447,6940,5601,5206,4425,2613
6938,6506,4983,2509,2314,698
8436,7690,7762,4208,3579,4708
7985,2995,3937,3041,1430,249
4257,3697,1793,533,2383,4672
6599,6157,5733,5640,1936,3278
8135,8125,8014,7403,7431,6388
7390,6568,7223,6188,5676,2223
5857,5275,5104,3302,4819,2523
8023,4552,4090,2358,2433,1642
6904,5184,3950,3281,3721,2636
7817,6298,5964,5075,5492,4550
7868,6101,1689,1384,2107,6452
5122,3609,4961,2863,2420,1333
7637,7170,7088,7050,5920,4999
7864,7682,7095,5745,5571,5362
8300,7536,8059,5399,4172,2498
6313,5691,6158,2888,881,835
8249,7165,6092,5779,5995,5858
8083,7291,2394,1256,1191,811
3764,3888,5471,3582,821,1060
8292,8090,7378,7285,6601,5038
8203,8182,8093,4229,3581,925
7778,5641,4870,4652,2074,8784
6908,6521,6185,5411,5977,3954
8135,8125,8014,7403,7431,6388
8129,7750,5237,3707,2775,220
8132,7866,7054,6950,6290,4730
8135,8125,8014,7403,7431,6388
3454,2058,3239,1465,598,8755
8568,8139,5383,5137,1128,5216
8140,7119,6281,4843,5829,2343
8186,4922,3880,1336,1221,799
5445,2246,4958,669,2784,2294
7526,6221,6079,2564,2928,671
7418,6819,6110,4016,4419,2005
7570,5354,4572,3391,3899,6636
4914,4781,3590,1669,2145,301
5384,3498,4504,2752,5445,8038
8653,8521,8180,4312,1842,1859
8203,8182,8093,4229,3581,925
8186,4922,3880,1336,1221,799
6345,5946,5511,5015,4834,4811
1378,3250,3881,806,4816,849
7307,5484,5160,2020,1146,934
5078,5402,6890,3352,3088,4440
8203,8182,8093,4229,3581,925
7023,4860,4906,2594,2487,1148
6167,6300,7832,4278,5303,5941
8527,8207,6446,1374,4423,452
5854,3359,3975,1801,524,561
8023,4552,4090,2358,2433,1642
8221,6635,4937,4648,3955,3583
8221,6635,4937,4648,3955,3583
8385,8222,6947,6209,2176,1776
8228,5948,5335,1457,8782,764
8300,7536,8059,5399,4172,2498
8595,7072,8238,6465,4140,3768
7165,6092,5779,5341,5858,5108
7382,6744,5246,3966,297,2942
7845,7204,4410,3668,1257,909
8140,7119,6281,4843,5829,2343
8551,8265,7246,4594,4386,4138
8643,7181,6754,4249,4232,4448
7738,6068,5764,4357,3435,2792
8278,7416,6178,3936,2711,2067
8292,8090,7378,7285,6601,5038
7419,6604,3749,1707,3474,1517
8299,7731,3866,872,1226,4482
8300,7536,8059,5399,4172,2498
6933,5597,2062,1073,280,2008
4882,4727,4471,2841,1675,559
8228,5948,5335,1457,8782,764
7544,1602,4137,1581,936,8732
6944,6195,5037,4346,3495,2516
8340,6901,5981,4161,3367,3110
8385,8222,6947,6209,2176,1776
8347,8402,7331,7534,6474,268
6476,5682,5456,5364,4564,4248
6673,5480,5846,4120,3887,2784
8129,7750,5237,3707,2775,220
8362,7935,6306,3395,4290,3162
7711,7436,3243,1144,2569,5763
5604,5440,5581,3522,1702,3077
7739,7361,3466,2917,3181,2361
7858,7360,5821,5370,5481,4461
7039,6786,6573,6356,5288,2379
8385,8222,6947,6209,2176,1776
7797,6251,5129,3193,3801,643
7595,7081,6835,5046,4920,4203
5136,5013,3995,2731,3914,1692
8347,8402,7331,7534,6474,268
6150,5955,5619,1950,2355,11
5769,4297,4675,968,1635,5100
8292,8090,7378,7285,6601,5038
7762,7690,4910,4208,4708,1303
8347,8402,7331,7534,6474,268
8438,7498,6284,4141,3267,1454
8300,8235,8059,6116,7536,4776
8135,8125,8014,7403,7431,6388
8299,7731,3866,872,1226,4482
8595,7072,8238,6465,4140,3768
4907,4638,4553,4531,2685,214
7700,4225,4032,1109,2320,1081
8132,7866,7054,6950,6290,4730
1448,1948,466,3893,8701,26
8490,7840,4219,3820,3979,2877
7105,6026,5081,3760,4323,3781
7626,7224,6450,5219,4948,4316
7244,5181,6033,4330,3338,4047
4069,3740,2853,2135,1926,1325
7623,5855,5549,2432,2376,1927
8653,8521,8180,4312,1842,1859
46,8658,7713,7832,6167,6300
8527,8207,6446,1374,4423,452
7832,6300,6167,2464,4278,5941
7152,6354,4701,4296,4589,2247
6543,5036,4953,2622,3025,666
58,7417,7143,5750,6851,1571
8203,8182,8093,4229,3581,925
8551,8265,7246,4594,4386,4138
8362,7935,6306,3395,4290,3162
8568,8139,5383,5137,1128,5216
8563,8362,8032,7868,7935,6306
7153,5540,3154,2412,1810,1826
7876,6741,3134,2310,1985,1681
8438,7498,6284,4141,3267,1454
8595,7072,8238,6465,4140,3768
7783,6405,4364,1402,325,8796
8605,4606,2142,966,628,777
7466,6445,5881,2695,1808,1630
46,8658,8643,7181,7713,6607
7026,3525,3957,8805,442,243
8278,7416,6178,3936,2711,2067
8568,8139,5383,5137,1128,5216
7128,6648,6352,4489,4259,2480
1818,7531,6881,4847,4772,6359
7871,1994,5192,662,1409,7843
7181,4866,6754,4448,4232,4249
6105,5509,4097,2570,3061,1917
4516,7390,8019,6188,6568,6054
8490,7840,4219,3820,3979,2877
8653,8521,8180,4312,1842,1859
6358,5883,4909,3256,1659,1004
8658,6607,7713,6128,5267,1040
4321,884,1102,206,5245,333
5436,4837,5355,4117,2181,4488
8605,4606,2142,966,628,777
7808,7828,6293,4798,5248,4567
7613,5942,3897,3908,3665,2706
8083,7291,2394,1256,1191,811
73,8487,6319,4145,2671,2923
8527,8207,6446,1374,4423,452
6952,2704,3460,3002,37,632
6557,6587,4768,1174,1526,376
7743,5305,5331,4829,3895,1492
8527,8207,6446,1374,4423,452
7544,1602,4137,1581,936,8732
6543,5036,4953,2622,3025,666
8173,4781,4914,2145,1669,3590
8138,2058,3454,1465,3239,598
6672,1534,4085,1547,8756,6254
8490,7840,4219,3820,3979,2877
7700,4225,4032,1109,2320,1081
6343,6118,4619,3163,4485,2472
7876,6741,3134,2310,1985,1681
8228,5948,5335,1457,8782,764
7778,5641,4870,4652,2074,8784
6239,4991,4530,3246,3551,8787
7783,6405,4364,1402,325,8796
5889,5808,8685,5436,5355,3248
7026,3525,3957,8805,442,243
7700,4225,4032,1109,2320,1081
